<?xml version="1.0" encoding="UTF-8"?>
<hybrisconfig xmlns:xsi="http://www.w3.org/2001/XMLSchema-instance" xsi:noNamespaceSchemaLocation="resources/schemas/extensions.xsd">
	<extensions>
		<!-- 
				All extensions located in ${HYBRIS_BIN_DIR}/platform/ext are automatically loaded. 
				More information about how to configure available extensions can be found here : https://wiki.hybris.com/x/nZVzC
		-->
				
		<path dir="${HYBRIS_BIN_DIR}" />
	
		
		<!-- ext-platform -->
		<extension name="admincockpit" />
		<extension name="backoffice" />
		<extension name="cockpit" />
		<extension name="hmc" />
		<extension name="mcc" />
		<extension name="platformhmc" />

										
		<!-- ext-platform-optional -->
		
        <!--
        <extension name="amazoncloud" />
		<extension name="azurecloud" />
		<extension name="gridfsstorage" />
        -->
        
		<extension name="ldap" />
		<extension name="lucenesearch" />
		<extension name="lucenesearchhmc" />
		<extension name="platformwebservices" />
		<extension name="reportcockpit" />
		<extension name="virtualjdbc" />
												
		<!-- <extension name="mediaconversion" />-->

		<!-- ext-commerce -->
		<extension name="b2badmincockpit" />
		<extension name="b2bapprovalprocess" />
		<extension name="b2bcommerce" />
		<extension name="basecommerce" />
		<extension name="btg" />
		<extension name="btgcockpit" />
		<extension name="commercefacades" />
		<extension name="commerceservices" />
		<extension name="customerreview" />
		<extension name="commercesearch" />
		<extension name="commercesearchbackoffice" />	
        <!--
        <extension name="cybersource" />
		<extension name="hyend2" />
		<extension name="oci" /> 
        -->
		
		<extension name="payment" />
		<extension name="promotions" />
		<extension name="solrfacetsearch" />
		<extension name="solrfacetsearchhmc" />
		<extension name="ticketsystem" />
		<extension name="voucher" />
		<extension name="wishlist" />

		<!-- 
        <extension name="configurablebundlecockpits" />
		<extension name="configurablebundleservices" />
		<extension name="subscriptioncockpits" />
		<extension name="subscriptionfacades" />
		<extension name="subscriptionservices" />
        -->
										
		<!-- ext-content -->
		<extension name="bmecat" />
		<extension name="bmecathmc" />
		<extension name="classificationsystems" />
		<extension name="classificationsystemshmc" />
		<extension name="cms2" />
		<extension name="cms2lib" />
		<extension name="cmscockpit" />
		<extension name="importcockpit" />
		<!--<extension name="mam" />
		<extension name="mamdemo" />-->
		<extension name="productcockpit" />

										
		<!-- ext-addon -->
		
        <!--
        <extension name="addonsupport" />
		<extension name="cisavs" />
		<extension name="ciscommons" />
		<extension name="cispayment" />
		<extension name="cistax" />
		<extension name="omsats" />
		<extension name="omscommons" />
		<extension name="omsorders" />
		<extension name="ondemandcommon" />
        -->
										
		<!-- ext-channel -->
		<extension name="cscockpit" />
		<!--<extension name="mobileoptionals" />-->
		<!--<extension name="mobileservices" />-->
		<extension name="print" />
		<extension name="printcockpit" />
		<extension name="printhmc" />

										
		<!-- ext-accelerator -->
		
		<!-- <extension name="acceleratorfacades" /> -->
		<extension name="acceleratorcms" />
		<extension name="acceleratorservices" />
		<extension name="b2bacceleratorfacades" />
		<extension name="b2bacceleratorservices" />

										
		<!-- ext-data -->
        
        <!--
		<extension name="acceleratorsampledata" /> 
		<extension name="b2bacceleratorsampledata" />
		<extension name="instoresampledata" />
		<extension name="sampledata" />
        -->
												
		<!-- 
        <extension name="omssampledata" />
		<extension name="telcoacceleratorsampledata" />
        -->

		<!-- ext-template -->
        
        <!--		
		<extension name="yacceleratorcockpits" />
		<extension name="yacceleratorcore" />
		<extension name="yacceleratorfacades" />
		<extension name="yacceleratorfulfilmentprocess" />
		<extension name="yacceleratorinitialdata" />
		<extension name="yacceleratorstorefront" />
		<extension name="yacceleratortest" />
		<extension name="yaddon" />
		<extension name="yb2bacceleratorcore" />
		<extension name="yb2bacceleratorfacades" />
		<extension name="yb2bacceleratorinitialdata" />
		<extension name="yb2bacceleratorstorefront" />
		<extension name="yb2bacceleratortest" />
		<extension name="ybackoffice" />
		<extension name="ycockpit" />
		<extension name="ycommercewebservices" />
		<extension name="yempty" />
		<extension name="yinstoreinitialdata" />
        -->
												
		<!-- 
        <extension name="ytelcoacceleratorcockpits" />
		<extension name="ytelcoacceleratorcore" />
		<extension name="ytelcoacceleratorfacades" />
		<extension name="ytelcoacceleratorinitialdata" />
		<extension name="ytelcoacceleratorstorefront" />
        -->

		<!-- ext-outiz -->
		<extension name="outizstorefront" />
		<extension name="outizfacades" />
		<extension name="outizcore" />
		<extension name="outizcommon" />
        <extension name="outizwebservices" />
        <extension name="outizfulfilmentprocess" />
		<extension name="hipay" />
		<extension name="hipaywallet" />
		<extension name="outizaggregators" />
				
        <extension name="chronopost" />
        <extension name="docapost" />
		
        <extension name="outizimpex"/>
        <extension name="outizrest" />
        <extension name="outizreport" />
        <extension name="outizjms" />
		<extension name="outizmarketplace" />

	</extensions>
</hybrisconfig>